{
  "median_latitude": 39.746565223662564,
  "median_longitude": 116.4170105481903,
  "total_targets": 67,
  "calculation_time": 1751264325.735049
}